Team,Games,Off eFG%,Off FT Rate,Off TO Rate,Off OREB Rate,Def eFG%,Def FT Rate,Def TO Rate,Def OREB Rate,Net Four Factors
UConn Huskies,40,0.5776,0.1902,0.1335,0.3125,0.4041,0.1773,0.2369,0.258,0.3443
Texas Longhorns,39,0.4851,0.3319,0.1499,0.4196,0.4199,0.3141,0.2522,0.292,0.3129
South Carolina Gamecocks,39,0.5097,0.2655,0.1446,0.3848,0.3979,0.2033,0.1953,0.3032,0.30620000000000003
Notre Dame Fighting Irish,34,0.5392,0.2416,0.1649,0.3499,0.407,0.2175,0.2091,0.2748,0.2756
TCU Horned Frogs,38,0.5546,0.2545,0.1572,0.3339,0.4114,0.2423,0.166,0.2593,0.2388
Kansas State Wildcats,36,0.5546,0.227,0.1581,0.304,0.4132,0.2078,0.1848,0.253,0.2383
USC Trojans,35,0.4908,0.3249,0.1634,0.3685,0.4016,0.2713,0.2238,0.2686,0.303
Florida Gulf Coast Eagles,31,0.5097,0.2971,0.1505,0.3397,0.4199,0.2354,0.2201,0.2598,0.3011
Charleston Cougars,24,0.471,0.2718,0.1545,0.3883,0.4326,0.2736,0.281,0.3012,0.2502
UCLA Bruins,37,0.5369,0.2629,0.1795,0.4031,0.4045,0.225,0.1794,0.2699,0.3035
Harvard Crimson,24,0.4745,0.2184,0.1538,0.3665,0.4058,0.3224,0.2737,0.2944,0.1566
West Virginia Mountaineers,33,0.5035,0.3081,0.183,0.3629,0.4463,0.2861,0.2875,0.3042,0.2425
Purdue Fort Wayne Mastodons,32,0.5284,0.2256,0.1507,0.2761,0.4338,0.257,0.229,0.2697,0.148
Grand Canyon Lopes,31,0.5474,0.2751,0.1856,0.3037,0.4502,0.3304,0.2673,0.2876,0.1398
Fairfield Stags,30,0.5397,0.2035,0.1736,0.2982,0.4306,0.2657,0.2364,0.2588,0.1491
LSU Tigers,37,0.4921,0.3149,0.153,0.4257,0.4204,0.2746,0.1964,0.2956,0.2855
Duke Blue Devils,37,0.4891,0.2472,0.1731,0.4053,0.4267,0.2701,0.2494,0.2927,0.2284
Montana State Bobcats,30,0.4907,0.3048,0.1843,0.3333,0.4471,0.2627,0.2893,0.3306,0.1935
Ole Miss Rebels,33,0.4735,0.3218,0.1522,0.4126,0.4576,0.3109,0.2565,0.2821,0.2618
Baylor Bears,36,0.5084,0.2837,0.1605,0.36,0.423,0.2936,0.2084,0.2621,0.2213
Richmond Spiders,35,0.5809,0.2476,0.195,0.287,0.4399,0.15310000000000001,0.1922,0.2953,0.2244
George Mason Patriots,33,0.482,0.3135,0.1412,0.347,0.4385,0.2648,0.2304,0.304,0.2243
Oklahoma State Cowgirls,31,0.5129,0.3096,0.1749,0.3348,0.4184,0.2633,0.1988,0.2545,0.2451
Cleveland State Vikings,33,0.5347,0.3873,0.1874,0.304,0.4237,0.2031,0.1749,0.2596,0.3272
Norfolk State Spartans,30,0.4921,0.2362,0.167,0.3466,0.4261,0.3004,0.2505,0.3246,0.1073
Tennessee Lady Volunteers,34,0.5069,0.2219,0.1473,0.3895,0.4793,0.3047,0.2442,0.3169,0.1145
Stephen F. Austin Ladyjacks,32,0.5382,0.333,0.2065,0.3236,0.4258,0.1939,0.2006,0.3013,0.268
Alabama Crimson Tide,33,0.5365,0.2776,0.1688,0.3288,0.4234,0.2762,0.1922,0.3126,0.1541
Buffalo Bulls,32,0.4966,0.3418,0.1709,0.2898,0.4545,0.3051,0.258,0.303,0.1525
Ohio State Buckeyes,33,0.5035,0.30620000000000003,0.1521,0.2952,0.4605,0.2496,0.252,0.3137,0.181
UNLV Lady Rebels,33,0.4998,0.2665,0.129,0.3141,0.4557,0.2365,0.185,0.249,0.1951
Portland Pilots,33,0.5015,0.3532,0.1723,0.3599,0.4535,0.2853,0.2274,0.3228,0.2081
South Dakota State Jackrabbits,34,0.5455,0.2921,0.1649,0.2976,0.4426,0.2481,0.1534,0.2199,0.2131
Vanderbilt Commodores,33,0.4998,0.2867,0.1505,0.3739,0.4867,0.2436,0.2353,0.3541,0.1607
Oklahoma Sooners,35,0.5169,0.2811,0.1939,0.3727,0.4226,0.2536,0.1776,0.2425,0.2357
Columbia Lions,25,0.5042,0.2503,0.1681,0.4115,0.48,0.23,0.2355,0.2885,0.2349
Lamar Cardinals,29,0.4752,0.2969,0.1824,0.3801,0.4261,0.3109,0.2353,0.2777,0.1904
Middle Tennessee Blue Raiders,32,0.4653,0.3176,0.1718,0.2841,0.3799,0.2458,0.2076,0.3019,0.1754
SE Louisiana Lady Lions,30,0.443,0.3051,0.1479,0.3244,0.4267,0.3351,0.2572,0.2816,0.1383
Green Bay Phoenix,34,0.4929,0.2504,0.1479,0.2886,0.4477,0.2186,0.2084,0.2675,0.1585
Utah Utes,29,0.5462,0.2598,0.1883,0.3079,0.4739,0.2408,0.2137,0.2444,0.1801
Minnesota Golden Gophers,33,0.4896,0.253,0.1363,0.3393,0.4656,0.2328,0.197,0.2577,0.1866
North Carolina Tar Heels,37,0.48,0.2421,0.1566,0.3104,0.4106,0.2407,0.2046,0.2789,0.1503
Murray State Racers,28,0.528,0.2988,0.1428,0.2977,0.5057,0.2312,0.195,0.2433,0.1966
Kentucky Wildcats,31,0.5128,0.2246,0.1558,0.2986,0.402,0.2534,0.152,0.3049,0.0719
Fairleigh Dickinson Knights,31,0.4821,0.223,0.1528,0.3439,0.4303,0.1942,0.1796,0.2757,0.1758
Florida State Seminoles,31,0.5043,0.2676,0.1215,0.3084,0.4569,0.2403,0.1723,0.3122,0.1217
NC State Wolfpack,35,0.5009,0.2576,0.1364,0.3051,0.4375,0.1788,0.1654,0.2696,0.2066
UC Davis Aggies,30,0.4871,0.2808,0.1986,0.2747,0.3724,0.2321,0.1855,0.2708,0.1542
Michigan State Spartans,31,0.4926,0.3407,0.1736,0.3288,0.4542,0.3328,0.2456,0.3067,0.1405
UAlbany Great Danes,32,0.5063,0.1977,0.1743,0.3061,0.4379,0.2183,0.2231,0.3189,0.0837
Saint Joseph's Hawks,33,0.4966,0.2558,0.1773,0.3451,0.4369,0.2176,0.1829,0.2491,0.1995
Georgia Tech Yellow Jackets,33,0.4979,0.2041,0.14,0.3403,0.463,0.1884,0.1862,0.2684,0.1688
Abilene Christian Wildcats,33,0.5015,0.2713,0.2048,0.3764,0.4748,0.2586,0.2612,0.3019,0.1704
Ball State Cardinals,32,0.5048,0.2964,0.1793,0.2832,0.4338,0.2621,0.2092,0.2577,0.1604
Lehigh Mountain Hawks,32,0.5083,0.2949,0.1955,0.2569,0.4485,0.243,0.2322,0.2889,0.1164
Kent State Golden Flashes,31,0.5063,0.2979,0.1828,0.3152,0.4368,0.2357,0.1751,0.2525,0.1866
Missouri State Lady Bears,31,0.4928,0.2903,0.1624,0.3403,0.4545,0.2777,0.2039,0.2548,0.1779
James Madison Dukes,34,0.4757,0.327,0.1692,0.3291,0.4132,0.2533,0.176,0.2623,0.2098
Liberty Flames,30,0.5319,0.2315,0.2093,0.3767,0.4296,0.2835,0.182,0.2784,0.1214
Colgate Raiders,33,0.4876,0.2624,0.1603,0.3118,0.4777,0.2787,0.2236,0.2358,0.1328
Illinois Fighting Illini,31,0.4824,0.3182,0.1584,0.3006,0.4381,0.2356,0.169,0.2552,0.183
Quinnipiac Bobcats,30,0.4922,0.2504,0.1574,0.2756,0.4372,0.2258,0.2029,0.2803,0.1204
Mississippi State Bulldogs,34,0.5052,0.2609,0.1935,0.369,0.4381,0.2712,0.204,0.2825,0.1537
Michigan Wolverines,33,0.5077,0.2789,0.1741,0.3384,0.4684,0.2844,0.2143,0.2802,0.1322
Western Kentucky Lady Toppers,30,0.5135,0.245,0.1735,0.2946,0.4711,0.3004,0.2467,0.3383,0.0165
UTSA Roadrunners,28,0.4458,0.2865,0.192,0.4261,0.4251,0.2704,0.2142,0.2933,0.1918
Maryland Terrapins,33,0.5128,0.3661,0.1829,0.3869,0.4705,0.2765,0.1842,0.292,0.2281
Vermont Catamounts,33,0.514,0.2014,0.1807,0.2686,0.4284,0.2503,0.2028,0.2756,0.0517
Colorado State Rams,29,0.4873,0.2706,0.1199,0.1829,0.422,0.234,0.1616,0.273,0.0534
UNC Greensboro Spartans,30,0.4476,0.3202,0.1798,0.3522,0.4169,0.2635,0.207,0.2805,0.1863
Drake Bulldogs,29,0.5493,0.2396,0.2014,0.3441,0.4669,0.2389,0.1677,0.2433,0.1501
Iowa State Cyclones,34,0.5414,0.3211,0.1787,0.2584,0.4623,0.2279,0.1627,0.2274,0.1873
Longwood Lancers,34,0.4546,0.2754,0.2039,0.3369,0.4392,0.2672,0.2777,0.3355,0.0988
North Texas Mean Green,30,0.4587,0.3574,0.1816,0.347,0.4347,0.2417,0.2112,0.2934,0.2228
Princeton Tigers,24,0.5064,0.2234,0.1931,0.3476,0.4344,0.2449,0.189,0.2759,0.118
Iowa Hawkeyes,32,0.5226,0.2908,0.1938,0.3111,0.4507,0.2518,0.1856,0.2552,0.1585
Southern Indiana Screaming Eagles,33,0.49370000000000003,0.2826,0.186,0.329,0.4498,0.2958,0.2155,0.2989,0.0903
Creighton Bluejays,32,0.524,0.1814,0.1478,0.2474,0.4719,0.2197,0.1764,0.2583,0.0316
High Point Panthers,33,0.4945,0.2984,0.1992,0.2495,0.4346,0.2759,0.2317,0.3208,0.0438
Marquette Golden Eagles,32,0.4727,0.2643,0.1964,0.333,0.43,0.2422,0.2072,0.2772,0.1314
Tennessee Tech Golden Eagles,32,0.4911,0.3636,0.2,0.3445,0.4537,0.2863,0.1963,0.2841,0.1715
Coastal Carolina Chanticleers,31,0.4881,0.2832,0.1764,0.3048,0.4501,0.2569,0.2269,0.3331,0.0864
Miami (OH) RedHawks,30,0.491,0.2329,0.2119,0.2865,0.4435,0.3376,0.2595,0.2864,-0.0095
Army Black Knights,29,0.464,0.2388,0.1611,0.2936,0.4556,0.2361,0.2088,0.2237,0.1287
Oral Roberts Golden Eagles,31,0.5097,0.2827,0.1456,0.2918,0.4987,0.2881,0.2078,0.2684,0.0913
California Golden Bears,33,0.5269,0.2932,0.2197,0.3253,0.4343,0.2616,0.1774,0.2874,0.1197
Idaho Vandals,28,0.4495,0.2181,0.1714,0.3171,0.4088,0.2322,0.1726,0.2423,0.1026
Missouri-St. Louis Rivermen,1,0.3833,0.3333,0.2135,0.3721,0.3167,0.3667,0.1932,0.2955,0.0897
Illinois State Redbirds,29,0.5422,0.3341,0.1688,0.2871,0.4827,0.2112,0.1629,0.2581,0.2055
San Diego State Aztecs,31,0.4743,0.2824,0.1667,0.3017,0.4467,0.3001,0.2022,0.2857,0.0613
Central Arkansas Sugar Bears,31,0.5003,0.2927,0.182,0.3151,0.4373,0.2556,0.1648,0.2845,0.1134
Nebraska Cornhuskers,33,0.5188,0.2892,0.1751,0.3351,0.4722,0.2559,0.1684,0.2808,0.1274
Hawai'i Rainbow Wahine,31,0.4442,0.3046,0.2058,0.2913,0.3841,0.2381,0.1925,0.2703,0.1343
Washington Huskies,32,0.5418,0.1683,0.1911,0.3302,0.4571,0.2299,0.1764,0.3157,0.023
Northern Arizona Lumberjacks,32,0.4764,0.2838,0.152,0.3226,0.4476,0.241,0.1589,0.282,0.1191
Eastern Kentucky Colonels,32,0.48,0.2784,0.1734,0.3077,0.449,0.3142,0.1956,0.2662,0.0588
Toledo Rockets,30,0.5087,0.3223,0.2028,0.3466,0.4652,0.2671,0.1839,0.2586,0.1679
Troy Trojans,34,0.4653,0.2676,0.1747,0.3846,0.4289,0.3092,0.1591,0.2596,0.104
Wofford Terriers,29,0.4401,0.25,0.1731,0.3457,0.4186,0.3029,0.1961,0.2737,0.0637
Belmont Bruins,32,0.4866,0.2822,0.1653,0.2839,0.4424,0.2474,0.1814,0.2997,0.0793
Wyoming Cowgirls,32,0.5155,0.2436,0.1839,0.2809,0.4455,0.2074,0.1589,0.2594,0.1026
UC Irvine Anteaters,29,0.4053,0.2572,0.1596,0.3237,0.4072,0.2585,0.219,0.3024,0.0776
Indiana Hoosiers,33,0.5245,0.2835,0.1863,0.2173,0.4611,0.2632,0.1748,0.2504,0.0391
Duquesne Dukes,34,0.4905,0.2696,0.1752,0.2661,0.456,0.2985,0.2297,0.3253,9e-4
Adelphi Panthers,1,0.5312,0.1875,0.2759,0.069,0.4659,0.3409,0.3087,0.2222,-0.2085
Campbell Fighting Camels,27,0.4564,0.2599,0.1747,0.3224,0.4337,0.2644,0.2123,0.292,0.0862
Massachusetts Minutewomen,32,0.4514,0.2565,0.1982,0.3689,0.4495,0.249,0.2269,0.2941,0.113
Arizona Wildcats,30,0.4914,0.2833,0.1979,0.2801,0.437,0.2834,0.2155,0.3103,0.0417
Virginia Tech Hokies,31,0.5247,0.2819,0.1835,0.2856,0.4794,0.2504,0.1827,0.2951,0.0665
Rhode Island Rams,33,0.4439,0.2165,0.1802,0.3794,0.4391,0.2408,0.2,0.2682,0.1115
Gonzaga Bulldogs,33,0.5016,0.2643,0.2073,0.3888,0.4528,0.2732,0.1675,0.2596,0.1293
Lindenwood Lions,31,0.4994,0.3657,0.2013,0.2969,0.4497,0.2775,0.1893,0.2979,0.1249
UC San Diego Tritons,33,0.4345,0.2569,0.1793,0.2883,0.4378,0.2946,0.2491,0.2935,0.0237
Lipscomb Bisons,29,0.5249,0.2201,0.1623,0.2548,0.4843,0.2208,0.182,0.2993,0.015
Davidson Wildcats,33,0.4828,0.2408,0.1947,0.3134,0.4259,0.3778,0.1993,0.2768,-0.0389
Northern Iowa Panthers,30,0.5152,0.2649,0.1593,0.2686,0.4867,0.2712,0.1998,0.2919,0.0395
Tarleton State Texans,32,0.4619,0.2584,0.2022,0.3774,0.437,0.357,0.2005,0.2736,0.0284
North Dakota State Bison,32,0.4821,0.3644,0.1991,0.3253,0.4554,0.3136,0.1884,0.263,0.129
Utah Valley Wolverines,29,0.4374,0.3576,0.2076,0.364,0.4591,0.3245,0.263,0.306,0.1248
Holy Cross Crusaders,30,0.464,0.2208,0.1908,0.2789,0.4262,0.2342,0.1813,0.2447,0.049
Stanford Cardinal,30,0.5111,0.2647,0.18,0.3048,0.4746,0.2132,0.1591,0.2646,0.1074
North Carolina A&T Aggies,22,0.4323,0.3031,0.2057,0.3493,0.4268,0.2587,0.2096,0.2846,0.1185
UT Arlington Mavericks,29,0.4575,0.359,0.1833,0.3204,0.4522,0.3181,0.215,0.3233,0.0751
South Florida Bulls,32,0.462,0.2523,0.179,0.3466,0.4634,0.2569,0.203,0.3011,0.0636
Arkansas State Red Wolves,31,0.4547,0.2576,0.1797,0.3273,0.4542,0.2802,0.2224,0.3319,0.016
Louisville Cardinals,33,0.4731,0.2718,0.1788,0.381,0.5014,0.3129,0.2295,0.3103,0.0519
St. John's Red Storm,31,0.4737,0.2279,0.1797,0.2559,0.4813,0.2351,0.2308,0.2679,0.0242
Oregon Ducks,30,0.4625,0.2581,0.1663,0.30620000000000003,0.4587,0.2548,0.2137,0.3085,0.0521
Bowling Green Falcons,30,0.5169,0.3079,0.1969,0.3379,0.4881,0.2914,0.1813,0.2846,0.083
Colorado Buffaloes,34,0.5222,0.2586,0.2232,0.3412,0.4669,0.2821,0.1896,0.2643,0.075
Temple Owls,27,0.4348,0.224,0.1849,0.3379,0.4465,0.2629,0.2273,0.3122,0.0174
Alaska Anchorage Seawolves,2,0.3993,0.2878,0.1359,0.3908,0.4554,0.3482,0.2332,0.3433,0.0284
Pennsylvania Quakers,23,0.4602,0.2729,0.167,0.3108,0.4414,0.2287,0.1725,0.3249,0.0545
Furman Paladins,32,0.4569,0.3124,0.1988,0.3731,0.4594,0.3158,0.2125,0.28,0.1008
Seton Hall Pirates,33,0.4341,0.2406,0.1743,0.321,0.4817,0.2591,0.2554,0.3113,0.0247
East Tennessee State Bucs,29,0.4392,0.2318,0.1823,0.3092,0.4294,0.2608,0.2257,0.3296,0.0036
Boise State Broncos,30,0.4794,0.2568,0.1785,0.3116,0.447,0.2642,0.1804,0.309,0.0295
Northern Colorado Bears,28,0.477,0.2964,0.2195,0.3483,0.4626,0.2608,0.234,0.3337,0.0791
Alabama A&M Bulldogs,31,0.4346,0.4469,0.1924,0.3285,0.4508,0.294,0.2366,0.3766,0.1328
Chattanooga Mocs,31,0.4678,0.24,0.1981,0.2734,0.4303,0.2883,0.2009,0.272,-0.0067
Tulane Green Wave,28,0.4711,0.3051,0.2154,0.3095,0.4114,0.2342,0.1851,0.3295,0.0804
UC Santa Barbara Gauchos,29,0.4552,0.331,0.1857,0.2768,0.4376,0.3444,0.1771,0.2805,-0.0082
Navy Midshipmen,30,0.4176,0.2352,0.1556,0.3271,0.4365,0.293,0.2038,0.2836,0.0151
Washington State Cougars,33,0.4795,0.2318,0.1717,0.2906,0.43,0.2625,0.1646,0.3377,-0.0353
Howard Bison,29,0.4277,0.2975,0.1796,0.3536,0.4245,0.3445,0.2196,0.3522,-0.0023
UIC Flames,27,0.4737,0.2674,0.1848,0.3243,0.4881,0.2744,0.2116,0.2593,0.0702
Northwestern State Lady Demons,31,0.4434,0.2726,0.2141,0.3325,0.4082,0.3071,0.1913,0.2809,0.0295
Florida Gators,36,0.4982,0.3007,0.1947,0.3445,0.464,0.2749,0.1711,0.307,0.0739
Western Illinois Leathernecks,33,0.4932,0.3132,0.1907,0.2933,0.4505,0.2943,0.1669,0.2984,0.0328
Air Force Falcons,31,0.4562,0.2302,0.1662,0.2984,0.4928,0.2627,0.2444,0.324,-0.0166
Manhattan Jaspers,29,0.4724,0.2426,0.2184,0.3156,0.4216,0.2255,0.1872,0.3171,0.0352
Binghamton Bearcats,30,0.465,0.281,0.2044,0.3228,0.4562,0.213,0.204,0.3229,0.0763
San Francisco Dons,31,0.454,0.3092,0.1939,0.339,0.4576,0.2357,0.1906,0.273,0.1325
Bucknell Bison,30,0.4873,0.235,0.193,0.2705,0.4341,0.2703,0.1725,0.2896,-0.0217
Texas A&M-Corpus Christi Islanders,32,0.4285,0.2999,0.201,0.3298,0.4109,0.295,0.2123,0.3116,0.0521
Tulsa Golden Hurricane,30,0.4632,0.255,0.1939,0.2719,0.4387,0.2858,0.2057,0.3156,-0.0381
Virginia Cavaliers,31,0.4768,0.2714,0.1846,0.3093,0.451,0.217,0.1706,0.3179,0.0576
Dayton Flyers,31,0.4599,0.3156,0.223,0.3401,0.4285,0.2785,0.1974,0.3103,0.0727
Rice Owls,27,0.4587,0.2232,0.1938,0.3235,0.431,0.2879,0.1688,0.2583,0.0031
New Mexico Lobos,28,0.4797,0.2559,0.1894,0.295,0.4591,0.2653,0.1791,0.2636,0.0322
Old Dominion Monarchs,31,0.4226,0.2986,0.173,0.3822,0.4338,0.3183,0.178,0.3232,0.0331
New Mexico State Aggies,33,0.4724,0.3019,0.189,0.2584,0.4709,0.4359,0.237,0.3142,-0.1404
Western Carolina Catamounts,30,0.4873,0.3074,0.2054,0.3327,0.4538,0.3322,0.1826,0.3161,0.0026
Nicholls Colonels,30,0.4548,0.3108,0.2116,0.2782,0.4194,0.374,0.2232,0.3244,-0.0626
Louisiana Tech Lady Techsters,31,0.4703,0.4024,0.2256,0.3667,0.4552,0.2644,0.1906,0.3037,0.181
Auburn Tigers,29,0.4674,0.3219,0.2001,0.3512,0.4859,0.3141,0.2435,0.3326,0.0512
UC Riverside Highlanders,29,0.4314,0.2276,0.1813,0.3091,0.4672,0.2672,0.2357,0.2698,0.0183
Grambling Lady Tigers,28,0.3918,0.3305,0.1905,0.4084,0.4499,0.3853,0.2593,0.3653,-0.0011
St. Thomas-Minnesota Tommies,30,0.4924,0.2828,0.1805,0.2902,0.4859,0.3422,0.1869,0.2773,-0.0334
VCU Rams,30,0.4478,0.2546,0.2225,0.3723,0.4168,0.2665,0.1879,0.306,0.0508
Missouri Tigers,32,0.4946,0.2849,0.1956,0.3354,0.4759,0.2874,0.1899,0.3269,0.019
Findlay Oilers,1,0.4474,0.3158,0.1852,0.3889,0.5189,0.3019,0.1974,0.2647,0.0788
Maryland Eastern Shore Hawks,27,0.4071,0.3718,0.2352,0.4109,0.4174,0.4311,0.2358,0.3037,0.0382
Texas Tech Lady Raiders,35,0.4685,0.3342,0.2191,0.3472,0.4612,0.3637,0.2278,0.3412,-0.0075
Louisiana Ragin' Cajuns,28,0.4343,0.3182,0.2012,0.3056,0.4538,0.3347,0.2406,0.3136,-0.0046
Mount St. Mary's Mountaineers,29,0.463,0.2798,0.2035,0.2731,0.4519,0.2794,0.2221,0.3396,-0.0365
Boston College Eagles,33,0.4603,0.2884,0.1873,0.3739,0.4982,0.2796,0.2127,0.3395,0.0307
Oregon State Beavers,34,0.4593,0.29,0.1979,0.3133,0.4447,0.1843,0.1486,0.2574,0.127
Eastern Illinois Panthers,29,0.4522,0.256,0.2127,0.33,0.4396,0.3064,0.2082,0.2984,-0.0106
East Carolina Pirates,30,0.4249,0.3124,0.2229,0.3887,0.4382,0.295,0.224,0.3189,0.0749
Incarnate Word Cardinals,29,0.4395,0.293,0.208,0.3204,0.4545,0.2721,0.2251,0.2994,0.0441
UAB Blazers,30,0.4934,0.238,0.2003,0.2495,0.4362,0.2483,0.1649,0.3205,-0.0595
Monmouth Hawks,23,0.4612,0.2918,0.2233,0.3538,0.4311,0.1752,0.1599,0.3133,0.1238
Bellarmine Knights,32,0.4424,0.3479,0.1631,0.3095,0.4882,0.3242,0.2066,0.3365,-0.0056
Clemson Tigers,30,0.4886,0.2307,0.1796,0.2757,0.4701,0.2721,0.1621,0.2683,-0.033
Winthrop Eagles,31,0.4273,0.3314,0.2134,0.3231,0.4489,0.2605,0.2172,0.3144,0.0618
Sacramento State Hornets,32,0.4654,0.3139,0.2207,0.2737,0.4353,0.3333,0.2056,0.2963,-0.027
Concordia Nebraska Bulldogs,1,0.5,0.3269,0.2577,0.3871,0.4407,0.2881,0.1718,0.2703,0.129
Delaware Blue Hens,21,0.4702,0.2735,0.2085,0.2888,0.4575,0.2737,0.206,0.3204,-0.0217
UT Rio Grande Valley Vaqueros,31,0.4261,0.2735,0.1977,0.316,0.4285,0.2608,0.173,0.2632,0.0384
Marshall Thundering Herd,32,0.4504,0.3383,0.1932,0.3397,0.4701,0.2817,0.2039,0.3597,0.0276
Penn State Lady Lions,29,0.5106,0.2476,0.2299,0.3545,0.4994,0.2333,0.1962,0.2832,0.063
Texas Southern Tigers,28,0.4149,0.3303,0.1912,0.3688,0.4219,0.3135,0.1975,0.3597,0.0252
Southern Jaguars,33,0.4131,0.3017,0.1859,0.3028,0.4385,0.4331,0.2459,0.3295,-0.1234
Long Beach State Beach,29,0.4291,0.2898,0.179,0.35,0.4362,0.287,0.1856,0.3306,0.0217
Siena Saints,29,0.4634,0.2619,0.2154,0.3594,0.4749,0.2936,0.2079,0.3093,-7e-4
Bradley Braves,28,0.4491,0.2563,0.2026,0.2344,0.4334,0.2734,0.1861,0.2525,-0.0362
Loyola Marymount Lions,29,0.4492,0.2488,0.15310000000000001,0.278,0.4893,0.2236,0.2052,0.3301,-0.015
Coppin State Eagles,29,0.4433,0.2554,0.1813,0.3068,0.467,0.2459,0.2073,0.317,0.0017
Jacksonville State Gamecocks,29,0.4353,0.2354,0.1904,0.2774,0.4499,0.3222,0.2169,0.2863,-0.0838
Drexel Dragons,22,0.4467,0.18,0.1933,0.3385,0.4553,0.2546,0.2037,0.3283,-0.0627
Florida A&M Rattlers,28,0.4501,0.3103,0.2348,0.4172,0.4596,0.3947,0.2201,0.2947,0.0141
Georgia Southern Eagles,31,0.4456,0.278,0.1962,0.3603,0.4711,0.3491,0.2081,0.2908,-0.0152
UT Martin Skyhawks,31,0.4757,0.343,0.1961,0.2474,0.4808,0.3213,0.2102,0.3181,-0.04
Fresno State Bulldogs,31,0.4569,0.2783,0.1749,0.2951,0.47,0.2471,0.1749,0.3126,7e-4
Syracuse Orange,30,0.4607,0.2444,0.1816,0.3725,0.4812,0.2308,0.1943,0.3582,0.0202
Maine Black Bears,31,0.49,0.1653,0.1977,0.2795,0.4742,0.2906,0.1828,0.2676,-0.1125
Marist Red Foxes,30,0.4481,0.2503,0.2104,0.2591,0.4288,0.2581,0.1836,0.2856,-0.0418
Miami Hurricanes,28,0.5012,0.2267,0.1962,0.2926,0.4887,0.1969,0.1659,0.292,0.0126
Bethune-Cookman Wildcats,29,0.4082,0.3718,0.2253,0.3688,0.4231,0.3303,0.2212,0.3273,0.064
North Alabama Lions,30,0.4773,0.2443,0.1915,0.3164,0.4687,0.2567,0.1495,0.2802,-0.0096
Pacific Tigers,34,0.441,0.2779,0.2038,0.3187,0.4512,0.3235,0.226,0.3569,-0.0718
Fordham Rams,29,0.4178,0.2858,0.2146,0.3848,0.444,0.3329,0.2269,0.3426,-0.0188
Villanova Wildcats,35,0.4729,0.2072,0.165,0.2484,0.47,0.3152,0.1851,0.3075,-0.1441
UNC Wilmington Seahawks,26,0.4491,0.2583,0.2015,0.2736,0.4525,0.185,0.1886,0.313,0.0175
Cincinnati Bearcats,29,0.4075,0.3896,0.1525,0.3375,0.4991,0.2925,0.2074,0.295,0.1029
Kennesaw State Owls,28,0.4262,0.3274,0.2014,0.3095,0.4467,0.3511,0.2031,0.295,-0.028
Stetson Hatters,31,0.4636,0.2716,0.1994,0.2968,0.449,0.2762,0.1763,0.339,-0.0555
Brown Bears,24,0.4404,0.2524,0.1904,0.2907,0.4501,0.2367,0.1975,0.3313,-0.0275
West Georgia Wolves,30,0.463,0.3076,0.1997,0.3435,0.4694,0.2913,0.1863,0.3185,0.0215
UL Monroe Warhawks,28,0.4346,0.3068,0.1607,0.317,0.4894,0.2686,0.1873,0.3075,0.0197
Bryant Bulldogs,32,0.4636,0.2337,0.223,0.3359,0.4482,0.2331,0.1903,0.3085,0.0106
Idaho State Bengals,28,0.4521,0.2613,0.1938,0.3486,0.4598,0.3208,0.1882,0.279,-0.0032
Eastern Washington Eagles,30,0.4201,0.2468,0.1741,0.2993,0.4548,0.2888,0.1857,0.2449,-0.0107
BYU Cougars,27,0.494,0.2277,0.2104,0.2853,0.4601,0.3362,0.1677,0.2808,-0.1128
NJIT Highlanders,30,0.4829,0.2301,0.1937,0.2705,0.4454,0.2552,0.1695,0.3586,-0.0999
Central Michigan Chippewas,30,0.424,0.3113,0.2101,0.4064,0.4541,0.3273,0.176,0.2539,0.0723
Radford Highlanders,30,0.4758,0.2591,0.2185,0.2766,0.4534,0.285,0.1948,0.3176,-0.0681
Saint Mary's Gaels,31,0.4776,0.2384,0.2095,0.2603,0.4678,0.2995,0.2104,0.3287,-0.1187
Mercyhurst Lakers,26,0.4751,0.3319,0.2183,0.2302,0.4786,0.318,0.2023,0.276,-0.0513
Kansas Jayhawks,27,0.4791,0.3728,0.1805,0.2018,0.5052,0.2876,0.1872,0.2854,-0.0178
Frostburg State Bobcats,1,0.5246,0.1639,0.2747,0.4118,0.4848,0.2424,0.1868,0.359,-0.0739
Robert Morris Colonials,29,0.4453,0.2998,0.2092,0.3051,0.4544,0.3175,0.1996,0.2927,-0.024
Bloomfield Deacons,1,0.4914,0.3276,0.2541,0.2571,0.4632,0.3235,0.21,0.383,-0.1378
Georgia State Panthers,32,0.4417,0.2996,0.1767,0.2213,0.4565,0.2961,0.2228,0.37,-0.1139
Florida International Panthers,29,0.4905,0.3586,0.2716,0.3929,0.4969,0.2745,0.2358,0.313,0.1218
Northern Illinois Huskies,29,0.5037,0.2584,0.2101,0.2492,0.4726,0.238,0.1594,0.2828,-0.0328
Stonehill Skyhawks,31,0.4794,0.2016,0.2091,0.3095,0.4716,0.2366,0.1694,0.3064,-0.0639
Valparaiso Beacons,28,0.501,0.3152,0.225,0.2044,0.4894,0.3346,0.2301,0.3387,-0.1369
Sam Houston Bearkats,26,0.3941,0.3842,0.2217,0.3672,0.4873,0.3106,0.273,0.344,0.0548
Santa Clara Broncos,31,0.4505,0.2397,0.1833,0.2817,0.4285,0.2607,0.1483,0.3071,-0.0593
Montana Lady Griz,29,0.4876,0.2079,0.1799,0.2612,0.4836,0.2411,0.1534,0.2765,-0.0709
Youngstown State Penguins,30,0.4289,0.2702,0.2078,0.307,0.4476,0.3313,0.1912,0.2574,-0.0467
Nevada Wolf Pack,31,0.4343,0.2696,0.1849,0.3542,0.471,0.3287,0.1846,0.3133,-0.0552
North Dakota Fighting Hawks,31,0.4798,0.3654,0.2279,0.2603,0.4643,0.2806,0.1721,0.276,0.0287
Butler Bulldogs,33,0.4887,0.3122,0.2343,0.3225,0.4992,0.216,0.1886,0.2957,0.0668
Rutgers Scarlet Knights,32,0.4437,0.2889,0.1776,0.3385,0.4679,0.2622,0.1744,0.3439,-0.006
App State Mountaineers,28,0.4867,0.2508,0.2102,0.2905,0.4707,0.3124,0.1797,0.3093,-0.095
Merrimack Warriors,28,0.4307,0.2748,0.2341,0.3327,0.4655,0.2588,0.2148,0.2991,-0.0046
Weber State Wildcats,28,0.4625,0.3152,0.2226,0.3124,0.4603,0.2606,0.171,0.3203,-0.0027
Wake Forest Demon Deacons,28,0.4814,0.2644,0.22,0.2546,0.4758,0.3009,0.2024,0.31,-0.1039
Samford Bulldogs,31,0.4702,0.3523,0.1998,0.281,0.4726,0.2691,0.1806,0.3512,-0.0088
Pittsburgh Panthers,31,0.4345,0.3098,0.2064,0.284,0.4631,0.2386,0.1913,0.2872,0.0243
UMBC Retrievers,28,0.429,0.3124,0.2064,0.2606,0.4573,0.2537,0.1902,0.3073,-0.0325
Jacksonville Dolphins,28,0.4178,0.4178,0.1747,0.34,0.4852,0.3175,0.1806,0.2975,0.0813
Providence Friars,32,0.4434,0.2899,0.2333,0.2965,0.4313,0.2301,0.181,0.3037,0.0124
Morehead State Eagles,28,0.4418,0.3258,0.1992,0.3242,0.4855,0.3205,0.2047,0.3083,-0.0171
UCF Knights,28,0.4498,0.324,0.1883,0.3414,0.5113,0.2701,0.1943,0.2901,0.0497
Georgia Lady Bulldogs,32,0.445,0.2776,0.1939,0.3223,0.4781,0.2649,0.1862,0.2977,-0.0035
Hofstra Pride,23,0.4164,0.2606,0.2045,0.3523,0.4341,0.3072,0.179,0.3234,-0.0609
Cal Poly Mustangs,29,0.4389,0.236,0.236,0.2929,0.4618,0.2868,0.2185,0.3123,-0.1106
Alabama-Huntsville Chargers,1,0.5556,0.2037,0.2516,0.3333,0.5172,0.2759,0.1538,0.2647,-0.0629
Georgetown Hoyas,30,0.4495,0.2682,0.1954,0.3275,0.4833,0.2454,0.1766,0.3193,-0.0216
Northern Kentucky Norse,32,0.4635,0.2671,0.1848,0.2782,0.4871,0.2675,0.1735,0.2852,-0.0424
Queens University Royals,29,0.4271,0.3094,0.1909,0.3432,0.4924,0.4269,0.221,0.2944,-0.1038
Texas State Bobcats,29,0.4299,0.3644,0.2162,0.3327,0.4688,0.363,0.2075,0.3231,-0.0366
Denver Pioneers,29,0.4509,0.3145,0.1743,0.2355,0.4972,0.3137,0.191,0.2918,-0.0851
Lees-McRae Bobcats,1,0.3828,0.25,0.1325,0.1333,0.537,0.2222,0.3023,0.2581,-0.0814
Kansas City Roos,32,0.4396,0.2854,0.1825,0.3409,0.4989,0.3696,0.2028,0.2802,-0.0625
Stony Brook Seawolves,23,0.4184,0.2883,0.1929,0.3262,0.4501,0.2151,0.1682,0.3234,0.0195
George Washington Revolutionaries,29,0.4236,0.3342,0.2253,0.3497,0.4363,0.3038,0.1662,0.2864,0.0219
SMU Mustangs,30,0.424,0.2518,0.1787,0.3488,0.4622,0.2911,0.179,0.3351,-0.0635
Gardner-Webb Runnin' Bulldogs,29,0.438,0.2833,0.1801,0.3004,0.478,0.2382,0.1742,0.3506,-0.051
Elon Phoenix,22,0.4028,0.297,0.2007,0.3376,0.45,0.3102,0.2183,0.3479,-0.0529
Wichita State Shockers,31,0.4187,0.2686,0.1796,0.2836,0.4542,0.3019,0.1846,0.3022,-0.0824
Sacred Heart Pioneers,29,0.4129,0.3068,0.1954,0.3111,0.4781,0.3031,0.2227,0.3056,-0.0287
Omaha Mavericks,31,0.4587,0.2964,0.1949,0.2614,0.5098,0.2612,0.1956,0.2959,-0.0496
Jackson State Lady Tigers,29,0.4169,0.3432,0.2191,0.3006,0.4348,0.3463,0.1832,0.3367,-0.0932
Little Rock Trojans,28,0.4261,0.3446,0.1844,0.2919,0.4918,0.3336,0.2165,0.3282,-0.0588
Austin Peay Governors,31,0.4688,0.2732,0.2215,0.2369,0.4613,0.3655,0.2062,0.3151,-0.1782
Central Connecticut Blue Devils,30,0.4378,0.2687,0.1878,0.2982,0.4675,0.2573,0.1753,0.3226,-0.0553
South Dakota Coyotes,31,0.476,0.266,0.1528,0.1575,0.4972,0.1862,0.1479,0.2767,-0.0656
McNeese Cowgirls,30,0.4156,0.2774,0.2089,0.2992,0.4348,0.3201,0.1873,0.312,-0.0962
UTEP Miners,29,0.4508,0.2545,0.2188,0.3054,0.4717,0.2464,0.1834,0.3151,-0.058
Western Michigan Broncos,29,0.4703,0.3067,0.2246,0.2516,0.4828,0.3072,0.203,0.3326,-0.1155
Cal State Fullerton Titans,30,0.4054,0.3132,0.1838,0.2699,0.4489,0.3135,0.203,0.3412,-0.0959
Loyola Maryland Greyhounds,30,0.4558,0.244,0.2161,0.3138,0.4734,0.3137,0.195,0.2963,-0.0907
New Hampshire Wildcats,29,0.4003,0.2408,0.209,0.3152,0.4877,0.2327,0.2111,0.2584,-0.0204
Western Colorado Mountaineers,1,0.52,0.2,0.1912,0.1034,0.4722,0.2593,0.1644,0.2121,-0.1469
Akron Zips,31,0.4523,0.3036,0.2173,0.3436,0.4954,0.2923,0.1825,0.2817,-0.0048
Detroit Mercy Titans,29,0.4498,0.2939,0.2151,0.2804,0.4972,0.3552,0.2185,0.2824,-0.1074
Dartmouth Big Green,24,0.4359,0.2118,0.1962,0.3025,0.4667,0.2025,0.1894,0.3479,-0.0737
San Jos√© State Spartans,31,0.4471,0.2896,0.2037,0.3356,0.4727,0.39,0.174,0.2799,-0.0999
Saint Peter's Peacocks,29,0.4321,0.2053,0.1946,0.2631,0.4765,0.2339,0.1964,0.2846,-0.0928
Northwestern Wildcats,24,0.4556,0.296,0.1708,0.2906,0.4701,0.2957,0.1528,0.3172,-0.0589
Saint Louis Billikens,34,0.4293,0.2969,0.2051,0.3308,0.4861,0.3189,0.2018,0.3505,-0.102
Towson Tigers,22,0.4232,0.2854,0.2213,0.3139,0.4514,0.2635,0.1849,0.3096,-0.0384
Wisconsin Badgers,29,0.4846,0.2714,0.1904,0.306,0.5091,0.2306,0.15310000000000001,0.3079,-0.023
Tennessee Southern Firehawks,1,0.3689,0.459,0.1848,0.4524,0.6064,0.4681,0.2564,0.25,0.0274
Boston University Terriers,31,0.4661,0.3022,0.2216,0.2732,0.4748,0.2204,0.1778,0.3273,-0.0247
Southern Utah Thunderbirds,29,0.4518,0.2437,0.2205,0.3254,0.4509,0.2926,0.1659,0.3382,-0.1153
Florida Atlantic Owls,30,0.4217,0.2578,0.196,0.309,0.461,0.2225,0.1855,0.3393,-0.0447
Loyola Chicago Ramblers,30,0.4403,0.2688,0.2216,0.3081,0.4782,0.3209,0.2166,0.3719,-0.1587
Morgan State Lady Bears,27,0.4006,0.3604,0.2154,0.39,0.4711,0.3913,0.2309,0.3753,-0.0711
IU Indianapolis Jaguars,29,0.4623,0.3319,0.2129,0.2523,0.4874,0.2912,0.1827,0.3263,-0.0886
DePaul Blue Demons,30,0.4297,0.2828,0.1895,0.3368,0.4921,0.3198,0.1777,0.3111,-0.0854
Mount Marty College Lancers,1,0.625,0.2115,0.2484,0.2308,0.5,0.3226,0.0886,0.2564,-0.1714
Alcorn State Lady Braves,29,0.4193,0.3454,0.2073,0.3081,0.4765,0.4402,0.2291,0.3629,-0.185
Wagner Seahawks,29,0.4303,0.2839,0.2199,0.3063,0.4838,0.281,0.2057,0.3291,-0.0875
Arizona State Sun Devils,32,0.4622,0.2749,0.1773,0.2781,0.49370000000000003,0.358,0.1588,0.3168,-0.1718
East Texas A&M Lions,29,0.4455,0.2078,0.1874,0.2403,0.4584,0.2824,0.1657,0.3289,-0.1979
Texas Lutheran Bulldogs,1,0.3661,0.2321,0.2424,0.3421,0.375,0.3571,0.1951,0.3421,-0.1812
Prairie View A&M Lady Panthers,27,0.4407,0.3223,0.2353,0.2996,0.4457,0.3908,0.1944,0.3898,-0.2047
Memphis Tigers,28,0.4469,0.2743,0.1836,0.3215,0.4888,0.2582,0.1648,0.3647,-0.0877
Texas A&M Aggies,29,0.4332,0.3008,0.2141,0.3491,0.4556,0.265,0.1582,0.3228,-0.0161
San Diego Toreros,30,0.4254,0.2491,0.2123,0.3642,0.4716,0.3529,0.1894,0.3198,-0.1284
Iona Gaels,30,0.4256,0.1701,0.1991,0.2796,0.4729,0.2804,0.2028,0.3387,-0.213
California Baptist Lancers,30,0.4861,0.2828,0.2012,0.2399,0.4714,0.2903,0.1497,0.308,-0.1125
Cornell Big Red,24,0.4338,0.2285,0.2107,0.2759,0.4571,0.2396,0.1658,0.306,-0.1094
Charlotte 49ers,31,0.4095,0.3193,0.2068,0.3328,0.4653,0.3422,0.1955,0.3524,-0.1095
Tennessee State Lady Tigers,29,0.4212,0.3143,0.1951,0.3122,0.4788,0.3762,0.2158,0.3566,-0.1433
William & Mary Tribe,24,0.4245,0.243,0.2074,0.2877,0.4655,0.2899,0.1863,0.3442,-0.1655
Southern Miss Lady Eagles,28,0.4577,0.2386,0.221,0.2847,0.4716,0.266,0.1798,0.3496,-0.1473
Charleston Southern Buccaneers,29,0.4193,0.2298,0.2258,0.3244,0.4493,0.2309,0.18,0.34,-0.0924
Milwaukee Panthers,30,0.4501,0.2753,0.2067,0.2635,0.4717,0.2832,0.1598,0.3012,-0.1142
Rider Broncs,29,0.4294,0.3182,0.2502,0.2739,0.4569,0.3114,0.2031,0.3257,-0.1195
Wright State Raiders,31,0.4338,0.289,0.1914,0.2687,0.494,0.2901,0.1817,0.308,-0.1102
UNC Asheville Bulldogs,31,0.4092,0.2605,0.2271,0.3248,0.4807,0.3422,0.2117,0.334,-0.1777
Hampton Lady Pirates,22,0.4218,0.2869,0.2093,0.2772,0.5041,0.3233,0.2362,0.3528,-0.1673
Arkansas Razorbacks,31,0.4517,0.2949,0.1817,0.2489,0.4847,0.2028,0.1457,0.3794,-0.1076
Houston Cougars,30,0.4094,0.2741,0.1798,0.2464,0.4946,0.2537,0.204,0.3605,-0.1547
Pepperdine Waves,29,0.4314,0.2738,0.2003,0.233,0.4528,0.2095,0.1566,0.3679,-0.1357
Concordia-Ann Arbor Cardinals,1,0.4569,0.069,0.2308,0.0882,0.4014,0.2817,0.1735,0.4468,-0.5731
Bethel (TN) Wildcats,2,0.3932,0.2735,0.1688,0.2532,0.4752,0.2727,0.1888,0.4306,-0.2386
Canisius Golden Griffins,30,0.4393,0.3089,0.2829,0.3218,0.4571,0.2569,0.1835,0.3074,-0.0508
Virginia St Trojans,1,0.4,0.2167,0.2036,0.359,0.4597,0.2097,0.1988,0.4324,-0.1309
South Alabama Jaguars,27,0.4309,0.3245,0.2281,0.3362,0.4818,0.3641,0.1934,0.3456,-0.1347
Colorado Christian Cougars,2,0.5,0.1858,0.1848,0.1739,0.5169,0.2542,0.1307,0.2059,-0.1714
SIU Edwardsville Cougars,28,0.4436,0.2429,0.2043,0.2831,0.4755,0.3387,0.1636,0.3327,-0.2181
Lafayette Leopards,31,0.4566,0.1753,0.1928,0.2219,0.493,0.1961,0.1554,0.3269,-0.1995
Indiana State Sycamores,29,0.4262,0.2969,0.1949,0.3157,0.495,0.2487,0.1646,0.3327,-0.068
New Orleans Privateers,28,0.3873,0.2944,0.2061,0.3049,0.4869,0.309,0.2039,0.3333,-0.1448
St. Francis (PA) Red Flash,30,0.4496,0.2365,0.2405,0.2698,0.4637,0.2648,0.159,0.31,-0.1641
Presbyterian Blue Hose,28,0.4112,0.2483,0.241,0.3281,0.4628,0.3795,0.1927,0.2965,-0.1995
Asbury Eagles,1,0.4507,0.2817,0.2636,0.2791,0.5652,0.3623,0.2419,0.3514,-0.2892
Evansville Purple Aces,29,0.4175,0.3452,0.229,0.257,0.4876,0.2843,0.1743,0.3214,-0.1283
Regis Rangers,1,0.3462,0.2,0.1538,0.2727,0.4828,0.3103,0.2118,0.3529,-0.2692
Johns Hopkins University Blue Jays,1,0.2807,0.386,0.2,0.3404,0.4397,0.1724,0.3298,0.6111,-0.0863
Utah Tech Trailblazers,29,0.4372,0.3107,0.2164,0.2518,0.5088,0.2558,0.1884,0.3293,-0.1222
Utah State Aggies,29,0.4343,0.2459,0.1941,0.277,0.5084,0.272,0.1898,0.3597,-0.1874
Purdue Boilermakers,28,0.4715,0.2033,0.2148,0.2529,0.5014,0.2851,0.1558,0.3099,-0.2276
La Salle Explorers,32,0.3987,0.2361,0.2175,0.3204,0.4809,0.283,0.2017,0.3426,-0.1671
Mayville State Comets,1,0.3806,0.209,0.1868,0.1489,0.459,0.3607,0.2577,0.4054,-0.4157
Mercer Bears,30,0.399,0.3097,0.2087,0.2296,0.4572,0.2943,0.1774,0.3371,-0.1815
Xavier Musketeers,31,0.4629,0.2192,0.275,0.189,0.4695,0.2982,0.218,0.3533,-0.3068
Southwestern University Pirates,1,0.3583,0.1333,0.1899,0.3256,0.47,0.38,0.1905,0.1935,-0.2257
Arkansas-Pine Bluff Golden Lions,26,0.3799,0.2638,0.2397,0.3198,0.4612,0.3196,0.2199,0.3694,-0.2065
Shepherd Rams,1,0.6125,0.475,0.3444,0.2857,0.5476,0.3175,0.1705,0.45,-0.1158
Lincoln (PA) Lions,2,0.369,0.1825,0.2382,0.3409,0.4417,0.3833,0.2143,0.3947,-0.3512
Portland State Vikings,26,0.4325,0.2311,0.207,0.3031,0.471,0.2756,0.161,0.4069,-0.2328
Oakland Golden Grizzlies,29,0.4316,0.2591,0.203,0.2676,0.4898,0.32,0.1878,0.391,-0.2577
Westminster (UT) Griffins,1,0.3431,0.2745,0.2162,0.3429,0.3533,0.1867,0.0575,0.3488,-0.0871
Chicago State Cougars,31,0.4005,0.2217,0.1824,0.2674,0.5016,0.3109,0.196,0.3512,-0.2606
South Carolina Upstate Spartans,30,0.4155,0.282,0.275,0.3197,0.452,0.3096,0.1622,0.3,-0.1573
Southeast Missouri State Redhawks,28,0.416,0.2332,0.2136,0.2671,0.4873,0.4376,0.1984,0.3482,-0.372
Southeastern Fires,1,0.4727,0.1636,0.1439,0.0882,0.6019,0.2037,0.2323,0.4,-0.3926
Mississippi Valley State Devilettes,28,0.3941,0.2915,0.2086,0.3072,0.4768,0.3921,0.1964,0.4104,-0.2986
Delta State Statesmen,2,0.3942,0.2212,0.2222,0.2154,0.4453,0.2344,0.1875,0.4471,-0.3307
Bowie State Bulldogs,3,0.3917,0.3503,0.2545,0.2929,0.4317,0.4317,0.1894,0.453,-0.3465
Montevallo Falcons,1,0.4821,0.375,0.184,0.1176,0.5902,0.4262,0.1868,0.3333,-0.3722
Ohio Bobcats,29,0.4379,0.2844,0.2245,0.2053,0.5019,0.2487,0.1929,0.3683,-0.223
Le Moyne Dolphins,29,0.4199,0.3003,0.2268,0.2628,0.5072,0.1836,0.1591,0.318,-0.0934
Coker Cobras,1,0.4474,0.2982,0.2514,0.2571,0.5217,0.2174,0.1905,0.359,-0.1563
Delaware State Hornets,26,0.3959,0.3203,0.2472,0.2988,0.4771,0.2771,0.1893,0.3795,-0.1768
Oklahoma Christian University Eagles,1,0.3305,0.339,0.2418,0.2093,0.3904,0.3014,0.1683,0.451,-0.3374
Seattle U Redhawks,29,0.4344,0.2434,0.2482,0.2748,0.5165,0.2673,0.1964,0.3377,-0.2208
Houston Christian Huskies,29,0.3858,0.2416,0.2482,0.2505,0.4433,0.2688,0.1702,0.3151,-0.2273
Long Island University Sharks,30,0.4119,0.2358,0.231,0.2865,0.4895,0.3261,0.1959,0.3489,-0.2653
North Florida Ospreys,30,0.4292,0.2499,0.2177,0.2785,0.5133,0.286,0.1769,0.3492,-0.2317
Eastern Michigan Eagles,28,0.453,0.2743,0.2149,0.2764,0.5431,0.2977,0.1674,0.3218,-0.2063
North Carolina Central Eagles,27,0.415,0.3683,0.2584,0.3194,0.4577,0.3528,0.1863,0.4225,-0.2024
Shorter Hawks,1,0.4886,0.2727,0.2754,0.0741,0.4917,0.2,0.2143,0.4167,-0.334
Cedarville Yellow Jackets,2,0.5286,0.2,0.2759,0.3276,0.5759,0.3661,0.1693,0.2632,-0.2555
UMass Lowell River Hawks,28,0.3898,0.2432,0.2291,0.2474,0.4661,0.336,0.1912,0.3284,-0.2879
St. Bonaventure Bonnies,30,0.4188,0.2524,0.2198,0.1879,0.5014,0.1859,0.1664,0.3388,-0.2205
Northeastern Huskies,20,0.4079,0.2353,0.2325,0.2551,0.4708,0.2247,0.167,0.3771,-0.2396
Cal State Northridge Matadors,29,0.3881,0.2666,0.2374,0.2764,0.4828,0.2322,0.1725,0.3134,-0.1621
Dillard Blue Devils,1,0.3725,0.2941,0.3077,0.2571,0.4516,0.1935,0.2273,0.4103,-0.212
Northern New Mexico Eagles,1,0.4603,0.2222,0.1954,0.1591,0.526,0.1429,0.1451,0.3404,-0.218
Post University Eagles,1,0.3519,0.2222,0.2405,0.25,0.4561,0.3684,0.1818,0.3514,-0.4105
Cal State Bakersfield Roadrunners,30,0.3979,0.2166,0.2401,0.2247,0.4455,0.2883,0.1583,0.3265,-0.3028
Yale Bulldogs,24,0.3986,0.2137,0.2226,0.3191,0.5045,0.3661,0.1766,0.3338,-0.3189
Colorado-Colorado Springs Mountain Lions,1,0.38,0.34,0.3158,0.3243,0.4426,0.2951,0.1566,0.2571,-0.1097
Dickinson State (ND) Blue Hawks,1,0.3881,0.1343,0.1829,0.3261,0.5089,0.4464,0.1697,0.2424,-0.3625
Cal State San Marcos Cougars,2,0.4425,0.3563,0.345,0.2787,0.4024,0.3171,0.1543,0.3784,-0.2111
Bloomsburg Huskies,1,0.4896,0.3333,0.4105,0.2414,0.5152,0.3636,0.2353,0.3488,-0.3386
Clarion Golden Eagles,1,0.3362,0.2759,0.1951,0.2439,0.4615,0.5192,0.2339,0.4242,-0.5102
Allegheny Gators,1,0.4118,0.3529,0.2941,0.2424,0.4275,0.2174,0.1905,0.4222,-0.1637
Eastern New Mexico Greyhounds,2,0.3727,0.2091,0.243,0.2055,0.4538,0.2353,0.1635,0.2568,-0.238
South Carolina State Lady Bulldogs,28,0.3985,0.3731,0.2809,0.2868,0.4808,0.2874,0.1955,0.3826,-0.178
Southern Illinois Salukis,27,0.3884,0.2526,0.2048,0.3082,0.5151,0.2896,0.1713,0.3426,-0.2315
Bridgewater State (MA) Bears,1,0.4237,0.1864,0.2629,0.225,0.5133,0.1467,0.199,0.4545,-0.3432
American University Eagles,30,0.3993,0.2686,0.2166,0.2574,0.486,0.2501,0.1449,0.3398,-0.2224
Niagara Purple Eagles,28,0.387,0.2812,0.2583,0.2839,0.5426,0.3689,0.2678,0.408,-0.3578
Dakota Wesleyan Tigers,2,0.386,0.1754,0.2102,0.137,0.5,0.3246,0.2183,0.3571,-0.4752
Dominican (NY) Chargers,1,0.3409,0.2121,0.1512,0.2826,0.4853,0.2647,0.1444,0.3902,-0.3113
Cumberland (TN) Bulldogs,2,0.3577,0.2276,0.2303,0.2,0.4718,0.3028,0.1805,0.3913,-0.4305
Bethel (MN) Royals,1,0.3875,0.4,0.3846,0.2143,0.4524,0.0794,0.2428,0.4359,-0.1077
Cumberland (KY) Indians,1,0.3909,0.5455,0.1954,0.2683,0.5085,0.4915,0.1878,0.3611,-0.164
Grand Valley State Lakers,1,0.4123,0.2281,0.2905,0.3889,0.5763,0.3559,0.2057,0.3103,-0.2981
San Francisco State Gators,1,0.434,0.434,0.2712,0.2432,0.5556,0.25,0.1649,0.3947,-0.1954
North American Stallions,1,0.3017,0.4655,0.2513,0.2174,0.4524,0.381,0.2857,0.5385,-0.3528
Oakland City Mighty Oaks,1,0.3167,0.2,0.2979,0.3043,0.4286,0.1714,0.1915,0.3333,-0.2187
Black Hills State Yellow Jackets,1,0.2719,0.1579,0.2065,0.3171,0.4623,0.3019,0.1528,0.2059,-0.2768
Faulkner Eagles,2,0.3762,0.3524,0.2583,0.1733,0.4798,0.3871,0.1868,0.3457,-0.3822
Alabama State Lady Hornets,29,0.3443,0.293,0.2513,0.3239,0.4884,0.3314,0.1883,0.3754,-0.2969
UC Merced Bobcats,1,0.4141,0.125,0.1605,0.1429,0.5395,0.0395,0.0719,0.2326,-0.2182
La Sierra Golden Eagles,2,0.3333,0.3148,0.2978,0.1975,0.458,0.1888,0.1954,0.3516,-0.2552
Northeastern State RiverHawks,1,0.566,0.3396,0.3187,0.3333,0.5676,0.3378,0.1218,0.4048,-0.268
McMurry War Hawks,1,0.3913,0.4565,0.3468,0.2121,0.4429,0.2429,0.1693,0.4419,-0.2451
Bushnell Beacons,1,0.3839,0.1964,0.2454,0.2821,0.5403,0.0968,0.1558,0.2286,-0.0928
Kentucky Wesleyan Panthers,1,0.4754,0.0984,0.2727,0.2368,0.6343,0.0746,0.2235,0.3448,-0.2924
Chowan Hawks,1,0.2576,0.2727,0.2647,0.4444,0.3897,0.2353,0.2083,0.4348,-0.1414
Loyola New Orleans Wolfpack,1,0.4524,0.381,0.3333,0.1923,0.5484,0.129,0.175,0.3125,-0.1226
Miami (OH)-Hamilton Harriers,1,0.338,0.1549,0.1356,0.2353,0.5149,0.1791,0.1978,0.3243,-0.2279
Northwest Nazarene Nighthawks,1,0.4153,0.0678,0.2824,0.3333,0.525,0.3667,0.2283,0.5357,-0.6651
Blue Mountain College Toppers,1,0.4083,0.2667,0.2,0.15,0.4932,0.2838,0.1333,0.4524,-0.4711
Harris-Stowe State Hornets,1,0.3636,0.2424,0.1868,0.2766,0.5565,0.3548,0.1205,0.2,-0.295
Roosevelt Lakers,1,0.2705,0.3443,0.2591,0.34,0.5397,0.127,0.2472,0.303,-0.0268
Regis (CO) Rangers,1,0.4,0.2308,0.2246,0.3953,0.5786,0.2429,0.1229,0.3143,-0.2113
Winston-Salem Rams,2,0.405,0.23,0.3422,0.2879,0.4781,0.2847,0.2233,0.4943,-0.453
Bellevue University Bruins,2,0.3833,0.1083,0.2537,0.1446,0.4685,0.1888,0.1183,0.2558,-0.4123
Texas A&M-Texarkana Eagles,1,0.3778,0.2222,0.4048,0.303,0.4231,0.2308,0.2077,0.4444,-0.3924
Fresno Pacific Sunbirds,1,0.3793,0.069,0.2941,0.3158,0.5098,0.5882,0.2143,0.3125,-0.7263
Molloy Lions,1,0.2846,0.1692,0.1019,0.2115,0.459,0.2459,0.1988,0.4324,-0.375
Jessup University Warriors,2,0.3398,0.3107,0.2323,0.2,0.4767,0.2171,0.1173,0.2933,-0.2516
Shaw Bears,1,0.3909,0.3818,0.2842,0.2895,0.526,0.1818,0.125,0.3333,-0.1381
Goshen Maple Leafs,1,0.3235,0.2745,0.3095,0.2368,0.5472,0.4151,0.2471,0.2333,-0.4232
Davis & Elkins Senators,2,0.3077,0.2393,0.2384,0.2706,0.4957,0.3362,0.2279,0.4179,-0.4427
UT Dallas Comets,1,0.451,0.3333,0.3425,0.3226,0.5299,0.4478,0.1717,0.4412,-0.4827
Cheyney (PA) Wolves,2,0.3045,0.2909,0.2632,0.2326,0.5787,0.2963,0.2791,0.3115,-0.3426
Hawai'i Hilo Vulcans,1,0.3644,0.1695,0.1795,0.1951,0.4577,0.2817,0.1,0.4186,-0.5085
Emory & Henry Wasps,1,0.4,0.2364,0.289,0.2895,0.4926,0.3088,0.1421,0.4359,-0.4585
Life University Running Eagles,2,0.4082,0.3163,0.2557,0.2581,0.5397,0.2619,0.1543,0.4366,-0.3571
Tiffin Dragons,1,0.5435,0.2391,0.3681,0.1667,0.5135,0.1757,0.1006,0.3095,-0.317
New Mexico Highlands Cowboys,1,0.4417,0.0167,0.2924,0.1842,0.6078,0.5686,0.2339,0.2857,-0.8781
Pfeiffer Falcons,1,0.4211,0.193,0.3455,0.3684,0.4938,0.225,0.1759,0.5435,-0.4494
Brevard Tornados,1,0.3137,0.2941,0.3536,0.2778,0.5873,0.127,0.2796,0.4062,-0.3089
Eastern Oregon Mountaineers,1,0.4113,0.129,0.1852,0.2632,0.5411,0.1644,0.092,0.4211,-0.4163
West Alabama Tigers,1,0.3095,0.2222,0.186,0.2292,0.487,0.1169,0.1189,0.413,-0.3232
Lincoln (CA) Oaklanders,1,0.3909,0.3091,0.2485,0.1282,0.5909,0.1818,0.2258,0.4839,-0.4511
Christian Brothers Buccaneers,1,0.3462,0.0462,0.1739,0.1778,0.5521,0.6042,0.1935,0.16,-0.7265
Occidental Tigers,1,0.3868,0.2264,0.314,0.1944,0.5132,0.1447,0.1189,0.325,-0.3703
Saint Martin's Saints,1,0.4,0.2,0.2568,0.2424,0.5982,0.1964,0.1961,0.4074,-0.4203
Jarvis Christian Bulldogs,2,0.2891,0.4609,0.2691,0.31,0.5127,0.3248,0.1978,0.5366,-0.3855
Edward Waters Tigers,1,0.3208,0.1698,0.2767,0.186,0.4786,0.1857,0.1818,0.3333,-0.4159
Alice Lloyd College Eagles,1,0.3519,0.3519,0.3487,0.2564,0.3955,0.7612,0.1475,0.3913,-0.7892
Western New Mexico Mustangs,2,0.4242,0.2323,0.3363,0.1475,0.5181,0.2391,0.1716,0.4267,-0.5446
UW-Parkside Rangers,1,0.35,0.22,0.255,0.1892,0.4769,0.2769,0.0976,0.2683,-0.4204
Ripon College Red Hawks,1,0.29,0.28,0.2597,0.25,0.4308,0.3538,0.0947,0.3421,-0.4718
Cleary University Cougars,3,0.358,0.3018,0.2756,0.336,0.5182,0.401,0.1572,0.4407,-0.4826
St. Mary's (TX) Rattlers,2,0.25,0.3878,0.25,0.2346,0.4524,0.2143,0.2096,0.4872,-0.3219
UNT Dallas Trailblazers,2,0.3056,0.3519,0.2573,0.1975,0.4928,0.2391,0.1534,0.3375,-0.3183
Central Methodist Eagles,1,0.3273,0.0364,0.3563,0.2632,0.4091,0.2857,0.1619,0.52,-0.7824
Coastal Georgia Mariners,1,0.3113,0.1321,0.2614,0.1951,0.4375,0.3125,0.1868,0.5,-0.6861
Johnson C Smith Golden Bulls,2,0.4369,0.4369,0.289,0.2958,0.5417,0.3264,0.1344,0.425,-0.2781
Texas College Steers,1,0.4833,0.3167,0.2944,0.3824,0.6615,0.4308,0.1684,0.4333,-0.4693
Washington Adventist Shock,1,0.3667,0.3778,0.3955,0.2121,0.4733,0.4133,0.181,0.5098,-0.6544
UVA Wise Cavaliers,2,0.3559,0.2162,0.2931,0.3247,0.5474,0.1606,0.1685,0.3836,-0.3194
Whittier Poets,1,0.3617,0.2766,0.3097,0.2333,0.5507,0.1449,0.1591,0.3714,-0.346
Millsaps Majors,1,0.4674,0.1522,0.3694,0.129,0.4565,0.3623,0.1189,0.4286,-0.7493
St. Thomas (TX) Celts,4,0.3523,0.2539,0.3128,0.2153,0.4831,0.3233,0.1716,0.5123,-0.6385
Georgian Court University Lions,2,0.3053,0.2211,0.2799,0.0735,0.456,0.376,0.1818,0.525,-0.8552
Slippery Rock The Rock,1,0.3148,0.2963,0.1948,0.2791,0.4928,0.1739,0.1379,0.4634,-0.2968
Sul Ross State Lobos,2,0.4008,0.2063,0.2102,0.2184,0.6374,0.3511,0.1895,0.4769,-0.6607
Dakota State Trojans,1,0.3125,0.1562,0.1375,0.2,0.5208,0.2361,0.1006,0.4048,-0.5299
Mercy Mavericks,1,0.25,0.1296,0.2675,0.2857,0.4516,0.2581,0.1954,0.5122,-0.6286
UNC Pembroke Braves,1,0.4286,0.1071,0.169,0.2647,0.6574,0.3148,0.1135,0.32,-0.5473
Arkansas Baptist Buffaloes,4,0.3173,0.3046,0.3781,0.2734,0.4398,0.2346,0.1773,0.5317,-0.5117
Stanislaus State Warriors,1,0.3148,0.3333,0.3226,0.3415,0.5429,0.1714,0.1556,0.3429,-0.2346
Indiana-Southeast Grenadiers,2,0.3547,0.1709,0.2659,0.1724,0.5352,0.3594,0.2011,0.4366,-0.6979
Clarke University Pride,1,0.4297,0.0781,0.1529,0.1163,0.5942,0.2899,0.092,0.3529,-0.6738
Christopher Newport University Captains,1,0.3378,0.2162,0.1633,0.2632,0.6623,0.0649,0.201,0.4516,-0.3239
Cal Lutheran Kingsmen,1,0.398,0.551,0.2138,0.1429,0.5985,0.303,0.1364,0.4706,-0.3577
Clinton College Golden Bears,3,0.348,0.3514,0.3203,0.2818,0.5387,0.3454,0.1802,0.4655,-0.5085
Carnegie Mellon Tartans,1,0.4083,0.2333,0.2872,0.2821,0.6042,0.2917,0.1451,0.4211,-0.5353
Jamestown Jimmies,1,0.3627,0.2745,0.2927,0.2121,0.5556,0.4444,0.1149,0.3429,-0.6712
Nelson Lions,1,0.3077,0.2308,0.3095,0.1892,0.4812,0.2,0.1373,0.4872,-0.613
Ohio Dominican Panthers,1,0.3043,0.1739,0.1573,0.1961,0.5656,0.4262,0.1778,0.3571,-0.6541
Trinity Christian (IL) Trolls,1,0.2826,0.5652,0.2716,0.1842,0.5149,0.2687,0.1264,0.2927,-0.1894
Pittsburgh-Johnstown Mountain Cats,2,0.3542,0.1771,0.301,0.2,0.5462,0.2521,0.1879,0.4559,-0.6361
Walla Walla Wolves,2,0.2974,0.1724,0.2364,0.2022,0.5551,0.2677,0.1628,0.3134,-0.5378
Berry Vikings,2,0.4149,0.2128,0.3376,0.2097,0.536,0.2158,0.1098,0.3375,-0.4797
Westcliff Warriors,2,0.2913,0.1456,0.3442,0.2564,0.5458,0.275,0.231,0.4,-0.6408
Union Garnet Chargers,1,0.4151,0.1887,0.284,0.1667,0.5548,0.2192,0.1196,0.425,-0.5929
Bridgeport Purple Knights,1,0.2143,0.2041,0.3647,0.3,0.4191,0.1912,0.1676,0.3902,-0.4793
Chapman Panthers,1,0.2917,0.1,0.241,0.2727,0.5615,0.2,0.1437,0.3143,-0.5087
William Jewell Cardinals,1,0.2604,0.3125,0.3509,0.2564,0.5154,0.1846,0.2111,0.4545,-0.465
Arizona Christian Firestorm,1,0.3852,0.1639,0.1538,0.1389,0.6475,0.2623,0.1786,0.4444,-0.6415
Livingstone Blue Bears,1,0.2788,0.3654,0.2454,0.2444,0.4225,0.4085,0.114,0.52,-0.5937
Southern-New Orleans Knights,2,0.289,0.2018,0.3333,0.1882,0.5036,0.3358,0.1753,0.3846,-0.703
Montreat Cavaliers,1,0.418,0.0656,0.3298,0.4054,0.5133,0.32,0.1386,0.48,-0.6155
Westminster (MO) Blue Jays,1,0.3529,0.4706,0.3762,0.2,0.5056,0.1778,0.1624,0.5111,-0.3848
Mount Olive Trojans,1,0.1915,0.383,0.3333,0.1429,0.3594,0.5156,0.139,0.3261,-0.6781
SUNY Geneseo Knights,1,0.3723,0.2553,0.2206,0.2,0.5984,0.0656,0.0735,0.2903,-0.2737
Ave Maria Gyrenes,1,0.3426,0.1481,0.3095,0.3514,0.5417,0.35,0.1754,0.4545,-0.6382
King (TN) Tornado,2,0.3333,0.2989,0.3289,0.2462,0.5263,0.2982,0.1863,0.459,-0.5478
Tusculum Pioneers,1,0.4068,0.1525,0.328,0.3947,0.5517,0.1379,0.0412,0.3404,-0.3628
Saint Michael's Purple Knights,1,0.3852,0.1148,0.1103,0.225,0.6159,0.1449,0.119,0.5278,-0.5549
Kentucky State Thorobreds,2,0.3728,0.3246,0.2895,0.3165,0.5833,0.6,0.1702,0.3939,-0.6828
Point Park Pioneers,1,0.3208,0.2642,0.2405,0.1951,0.5282,0.1972,0.1034,0.3947,-0.4771
Wisconsin-La Crosse Eagles,1,0.4245,0.3774,0.2841,0.2564,0.6029,0.3676,0.1202,0.4286,-0.5047
Mississippi University For Women Owls,1,0.3689,0.2623,0.2812,0.2326,0.55,0.275,0.1333,0.5,-0.6092
John Carroll Blue Streaks,1,0.4576,0.2203,0.1963,0.1892,0.5942,0.2754,0.0925,0.4848,-0.5911
Lebanon Valley Flying Dutchmen,1,0.2857,0.0408,0.2958,0.1944,0.5,0.1077,0.1161,0.3143,-0.5806
LSU Alexandria Generals,1,0.3091,0.1818,0.3023,0.1707,0.4792,0.3333,0.1429,0.4545,-0.7649
Cal State East Bay Pioneers,1,0.4608,0.1961,0.2821,0.4138,0.6233,0.0959,0.1257,0.6176,-0.4225
Miles Golden Bears,1,0.3226,0.0806,0.2543,0.3478,0.5,0.6,0.2099,0.5588,-0.9522
Saint Elizabeth Eagles,1,0.2203,0.339,0.2159,0.2857,0.6167,0.2667,0.2184,0.4828,-0.5186
Fisk Bulldogs,2,0.3217,0.313,0.2528,0.2209,0.5537,0.2752,0.1546,0.5132,-0.5845
St. Francis (IL) Fighting Saints,2,0.3156,0.1721,0.2319,0.2391,0.5766,0.3629,0.1458,0.3548,-0.6536
Bluefield University Ramblin' Rams,1,0.4574,0.3617,0.293,0.069,0.5921,0.1974,0.067,0.3947,-0.5221
Brescia Bearcats,1,0.3889,0.4222,0.3771,0.0968,0.5541,0.3108,0.1659,0.4286,-0.5968
Tabor Bluejays,1,0.5,0.093,0.4444,0.1154,0.6214,0.1143,0.1957,0.5,-0.7761
Macalester Scots,1,0.2925,0.2453,0.2119,0.225,0.6316,0.3158,0.1646,0.4286,-0.6606
Montana Tech Orediggers,1,0.4211,0.193,0.1497,0.1282,0.5896,0.2836,0.0838,0.4444,-0.6412
Life Pacific Warriors,3,0.3664,0.1527,0.4,0.2637,0.5126,0.2312,0.1494,0.4522,-0.6636
Champion Christian Tigers,1,0.2857,0.1633,0.3765,0.0732,0.5132,0.1447,0.1809,0.4,-0.7313
Evergreen State Geoducks,2,0.3321,0.0857,0.1798,0.2222,0.598,0.1689,0.1008,0.3243,-0.5301
Emmanuel (MA) Lions,1,0.2807,0.1404,0.2651,0.2093,0.5175,0.4561,0.2222,0.5143,-0.9005
Bryn Athyn Lions,1,0.2923,0.2308,0.2162,0.1875,0.5333,0.36,0.1015,0.3571,-0.6546
Johnson & Wales (NC) Wildcats,2,0.306,0.3017,0.3136,0.2442,0.5573,0.2611,0.1568,0.4634,-0.5868
South Dakota Mines Hardrockers,1,0.2213,0.082,0.2112,0.3,0.5088,0.3509,0.0822,0.1515,-0.5369
Rensselaer Engineers,1,0.3438,0.3542,0.3314,0.2571,0.5733,0.0667,0.1143,0.3784,-0.2804
Viterbo V-Hawks,1,0.2984,0.1935,0.2527,0.25,0.6579,0.386,0.2273,0.3929,-0.7203
Worcester State Lancers,1,0.2949,0.359,0.4026,0.1379,0.5211,0.169,0.125,0.359,-0.5349
Johnson University (TN) Royals,1,0.4237,0.1525,0.2573,0.2105,0.5783,0.2048,0.1327,0.5957,-0.7167
Haverford Fords,1,0.3488,0.3488,0.2734,0.0882,0.6077,0.0923,0.1392,0.4194,-0.4676
Guilford Quakers,2,0.2917,0.3056,0.3025,0.2278,0.569,0.2069,0.1444,0.4051,-0.514
Webber International Warriors,1,0.2818,0.2909,0.3505,0.1538,0.5062,0.3951,0.1849,0.525,-0.8653
Bethesda University Flames,7,0.3151,0.3866,0.3395,0.3039,0.5254,0.3261,0.1145,0.4679,-0.5389
Oakwood Ambassadors,1,0.3421,0.2632,0.3582,0.2045,0.5,0.2556,0.1646,0.58,-0.7193
Mount Saint Mary (NY) Knights,1,0.2667,0.1167,0.2209,0.1489,0.5507,0.1594,0.1387,0.3333,-0.5933
Colby-Sawyer Chargers,1,0.4167,0.1667,0.3333,0.2333,0.6214,0.1429,0.1071,0.4194,-0.5932
Warner Pacific Knights,1,0.3113,0.2642,0.2683,0.1795,0.5345,0.069,0.0909,0.5349,-0.5608
Park University Gilbert Buccaneers,3,0.2606,0.2181,0.2459,0.2452,0.5603,0.1422,0.1619,0.4583,-0.5211
Culver-Stockton Wildcats,1,0.3208,0.1509,0.3049,0.2368,0.6045,0.2985,0.1444,0.45,-0.8049
Brenau University Golden Tigers,1,0.36,0.36,0.3587,0.2,0.6159,0.2073,0.1422,0.45,-0.5697
Newberry Wolves,1,0.2455,0.0545,0.3314,0.2609,0.4552,0.2687,0.1739,0.4634,-0.7839
Our Lady Of The Lake Saints,2,0.25,0.375,0.2875,0.1392,0.5355,0.1161,0.1546,0.561,-0.5812
Wiley Wildcats,3,0.3509,0.2174,0.2846,0.1786,0.5945,0.2857,0.1389,0.4414,-0.7204
Spring Hill Badgers,1,0.2333,0.1333,0.3514,0.1892,0.4789,0.0986,0.10780000000000001,0.4103,-0.6754
Thomas (GA) Night Hawks,1,0.2951,0.2131,0.3662,0.2553,0.5176,0.3059,0.1833,0.5581,-0.801
IU Columbus Crimson Pride,2,0.4121,0.3736,0.3571,0.1017,0.54,0.3667,0.1278,0.5176,-0.7663
Union (KY) Bulldogs,1,0.375,0.55,0.49,0.3214,0.4494,0.382,0.1167,0.4833,-0.4417
Southern Wesleyan Warriors,3,0.3064,0.2601,0.2799,0.1641,0.6195,0.2257,0.1713,0.4775,-0.7007
Staten Island Dolphins,1,0.3958,0.3542,0.271,0.2,0.58,0.1067,0.0706,0.4359,-0.3729
Keene State Owls,1,0.4273,0.0727,0.2597,0.2973,0.6594,0.1594,0.1183,0.4545,-0.6175
Johnson & Wales (RI) Griffins,1,0.3393,0.1964,0.3128,0.25,0.589,0.3014,0.1515,0.4865,-0.7525
University of The Southwest Mustangs,1,0.3438,0.2083,0.3837,0.1944,0.5513,0.1795,0.1327,0.439,-0.6743
Talladega Tornadoes,1,0.25,0.0667,0.1842,0.2889,0.5714,0.0952,0.1951,0.5758,-0.626
Puerto Rico-Mayaguez Bulldogs,2,0.3242,0.1429,0.339,0.0545,0.5813,0.2927,0.1989,0.55,-1.0425
Dallas Christian Crusaders,1,0.1569,0.3725,0.239,0.1489,0.4931,0.2083,0.1675,0.5366,-0.6311
Walsh Cavaliers,1,0.3769,0.1692,0.1557,0.1224,0.66,0.2533,0.1421,0.5455,-0.8037
College of Idaho Yotes,1,0.2414,0.1897,0.2485,0.2449,0.5873,0.2222,0.1566,0.3667,-0.5922
Illinois-Springfield Prairie Stars,1,0.2857,0.1607,0.2754,0.2273,0.5411,0.2192,0.1818,0.6857,-0.8659
North Central College Cardinals,1,0.4237,0.0847,0.2971,0.1622,0.642,0.1481,0.0938,0.4242,-0.7471
Texas A&M-San Antonio Jaguars,2,0.2829,0.2558,0.1939,0.22,0.5817,0.2614,0.1561,0.5823,-0.7045
Ohio Christian Trailblazers,2,0.3016,0.0635,0.2973,0.2065,0.5845,0.2973,0.1327,0.3671,-0.8419
Bob Jones Bruins,1,0.4432,0.2727,0.359,0.125,0.4775,0.2247,0.0917,0.7143,-0.8429
Schreiner Mountaineers,2,0.3526,0.1263,0.3484,0.1884,0.5735,0.2647,0.163,0.5672,-0.9234
Hiram Terriers,1,0.3953,0.186,0.4125,0.2414,0.6014,0.2029,0.1556,0.5333,-0.7719
Bryant & Stratton Bobcats,1,0.3061,0.4694,0.3529,0.2105,0.5513,0.3718,0.0976,0.375,-0.5674
Fort Lauderdale Eagles,2,0.2212,0.3365,0.3622,0.2584,0.5414,0.4345,0.181,0.5395,-0.8804
Lake Erie Storm,1,0.2966,0.1186,0.2331,0.25,0.5312,0.175,0.1122,0.619,-0.7809
Virginia-Lynchburg Dragons,5,0.3439,0.2332,0.3376,0.2247,0.6068,0.2658,0.1376,0.5,-0.7708
Crown College Storm,1,0.2736,0.1132,0.3636,0.122,0.5192,0.2949,0.1353,0.4,-0.9337
Simpson University (CA) Red Hawks,1,0.2358,0.3019,0.3068,0.2558,0.5764,0.2222,0.1304,0.4146,-0.5961
Salem University Tigers,2,0.3102,0.1204,0.2866,0.1084,0.6119,0.1678,0.1622,0.4795,-0.8446
Chadron State Eagles,1,0.2778,0.2778,0.5393,0.25,0.4671,0.3684,0.1589,0.5,-0.9104
Sewanee Tigers,2,0.3211,0.1951,0.2416,0.1579,0.6043,0.1963,0.1005,0.4578,-0.7254
Paine Lions,1,0.1727,0.4182,0.4089,0.2885,0.592,0.1494,0.211,0.4651,-0.525
Misericordia Cougars,1,0.2059,0.0588,0.3478,0.1951,0.5703,0.1875,0.1765,0.3333,-0.8027
New College (FL) Mighty Banyans,1,0.3472,0.25,0.4564,0.0952,0.4598,0.1264,0.0314,0.4583,-0.777
Erskine Flying Fleet,3,0.2575,0.2515,0.3333,0.2913,0.5472,0.2661,0.1429,0.52,-0.7235
College Of Saint Mary Flames,1,0.3438,0.3333,0.3086,0.0286,0.5529,0.2118,0.1048,0.5778,-0.8407
Bates College Bobcats,1,0.2315,0.3889,0.1677,0.2391,0.6746,0.2222,0.0909,0.303,-0.4172
North Greenville Crusaders,1,0.2308,0.1923,0.2963,0.1905,0.6161,0.5,0.1463,0.3103,-0.9628
Corban University Warriors,1,0.3558,0.1731,0.3892,0.2703,0.5823,0.2911,0.0905,0.475,-0.848
Arlington Baptist Patriots,2,0.2371,0.1983,0.3164,0.234,0.5482,0.2711,0.1212,0.5783,-0.9233
Wesleyan College (GA) Wolves,1,0.1889,0.4667,0.3584,0.1429,0.6032,0.5238,0.1846,0.5152,-1.0175
Columbia College (MO) Cougars,1,0.2115,0.1731,0.271,0.2093,0.5625,0.3125,0.0976,0.4286,-0.8831
Central Baptist College Mustangs,3,0.397,0.1697,0.2694,0.2137,0.6458,0.1917,0.0739,0.5648,-0.8174
Haskell Jayhawks,1,0.3302,0.3585,0.3386,0.225,0.6265,0.3253,0.0853,0.475,-0.7664
Aquinas Saints,1,0.3725,0.1176,0.4,0.2162,0.6429,0.1071,0.0923,0.4103,-0.7615
Maryville College (TN) Fighting Scots,1,0.2075,0.1509,0.3736,0.2391,0.6136,0.3939,0.1856,0.4643,-1.0623
LeTourneau Yellow Jackets,2,0.2385,0.1651,0.2532,0.1839,0.6078,0.1569,0.0833,0.4925,-0.8395
Oglethorpe Stormy Petrels,1,0.2925,0.2264,0.3218,0.1707,0.6753,0.1429,0.1081,0.3429,-0.6852
Anderson (IN) Ravens,1,0.2946,0.125,0.32,0.1136,0.6579,0.2368,0.1237,0.4375,-0.9952
Cal Maritime Keelhaulers,2,0.2311,0.0504,0.2824,0.1562,0.5723,0.1761,0.1478,0.5783,-1.0235
Buffalo State Bengals,1,0.3929,0.4048,0.4358,0.1613,0.7647,0.4118,0.1881,0.7083,-1.1735
Hood College Blaze,1,0.1939,0.1429,0.4324,0.25,0.537,0.2222,0.1892,0.6512,-1.0669
College Of Biblical Studies Ambassadors,2,0.2602,0.1735,0.429,0.2564,0.5565,0.2316,0.0878,0.5155,-0.9547
Howard Payne Yellow Jackets,1,0.2976,0.3571,0.3529,0.0882,0.5663,0.1928,0.09,0.619,-0.898
Immaculata Mighty Macs,1,0.2578,0.125,0.1807,0.1429,0.6264,0.1034,0.0711,0.5349,-0.8488
Warren Wilson Owls,2,0.2323,0.2727,0.3626,0.1905,0.594,0.3691,0.1453,0.6164,-1.1013
Apprentice School Builders,1,0.2037,0,0.2987,0.0909,0.6329,0.0633,0.1093,0.4167,-1.0077
Hendrix College Warriors,1,0.2766,0.2766,0.2914,0.1707,0.6234,0.2078,0.1053,0.5814,-0.8748
Defiance Yellow Jackets,2,0.2316,0.2421,0.3526,0.2152,0.6536,0.2092,0.0815,0.5068,-0.9518
Southeastern Baptist College Chargers,1,0.125,0.375,0.4099,0.1579,0.5,0.1705,0.0773,0.6042,-0.9494
Trinity Baptist Eagles,1,0.2982,0.0351,0.2658,0.1463,0.6627,0.2169,0.1068,0.7714,-1.3303
Meredith College Avenging Angels,1,0.2432,0.4324,0.5213,0.2812,0.5667,0.1048,0.0515,0.5263,-0.7106
Centenary (LA) Gentlemen,1,0.1875,0.3333,0.4227,0.2143,0.6044,0.3736,0.0847,0.617,-1.1979
Central Christian College Tigers,1,0.2182,0.0364,0.4667,0.2667,0.6703,0.2857,0.1111,0.6111,-1.4015
Old Westbury Panthers,1,0.3415,0.2195,0.4485,0.0667,0.7088,0.044,0.0606,0.5429,-1.0558
Florida National Conquistadors,1,0.2019,0.1923,0.3523,0.1111,0.6488,0.3214,0.1256,0.6842,-1.3758
Randolph College Wildcats,1,0.2034,0.0339,0.2208,0.2653,0.7214,0.1714,0.0952,0.6333,-1.1491
